sample_id	cell_type	file_path
GSM5652274_Erythrocyte-Z000000RF	Erythrocyte_progenitors	/users/ludwig/uii408/sharedscratch/tapestry/data/pats/CD34-erythroblasts_GSM5652274_Bone_marrow-Erythrocyte_progenitors-Z000000RF.hg38.pat.gz
GSM5652275_Erythrocyte-Z000000RH	Erythrocyte_progenitors	/users/ludwig/uii408/sharedscratch/tapestry/data/pats/CD34-erythroblasts_GSM5652275_Bone_marrow-Erythrocyte_progenitors-Z000000RH.hg38.pat.gz
GSM5652276_Erythrocyte-Z000000RK	Erythrocyte_progenitors	/users/ludwig/uii408/sharedscratch/tapestry/data/pats/CD34-erythroblasts_GSM5652276_Bone_marrow-Erythrocyte_progenitors-Z000000RK.hg38.pat.gz
GSM5652279_CD4-Z000000TT	T-CD4	/users/ludwig/uii408/sharedscratch/tapestry/data/pats/GSM5652279_Blood-T-CD4-Z000000TT.hg38.pat.gz
GSM5652280_CD4-Z000000U7	T-CD4	/users/ludwig/uii408/sharedscratch/tapestry/data/pats/GSM5652280_Blood-T-CD4-Z000000U7.hg38.pat.gz
GSM5652281_CD4-Z000000UM	T-CD4	/users/ludwig/uii408/sharedscratch/tapestry/data/pats/GSM5652281_Blood-T-CD4-Z000000UM.hg38.pat.gz
GSM5652285_CenMem-CD4-Z00000417	T-CD4	/users/ludwig/uii408/sharedscratch/tapestry/data/pats/GSM5652285_Blood-T-CenMem-CD4-Z00000417.hg38.pat.gz
GSM5652286_CenMem-CD4-Z0000041D	T-CD4	/users/ludwig/uii408/sharedscratch/tapestry/data/pats/GSM5652286_Blood-T-CenMem-CD4-Z0000041D.hg38.pat.gz
GSM5652287_CenMem-CD4-Z0000041N	T-CD4	/users/ludwig/uii408/sharedscratch/tapestry/data/pats/GSM5652287_Blood-T-CenMem-CD4-Z0000041N.hg38.pat.gz
GSM5652291_EffMem-CD4-Z00000416	T-CD4	/users/ludwig/uii408/sharedscratch/tapestry/data/pats/GSM5652291_Blood-T-EffMem-CD4-Z00000416.hg38.pat.gz
GSM5652292_EffMem-CD4-Z0000041C	T-CD4	/users/ludwig/uii408/sharedscratch/tapestry/data/pats/GSM5652292_Blood-T-EffMem-CD4-Z0000041C.hg38.pat.gz
GSM5652293_EffMem-CD4-Z0000041M	T-CD4	/users/ludwig/uii408/sharedscratch/tapestry/data/pats/GSM5652293_Blood-T-EffMem-CD4-Z0000041M.hg38.pat.gz
GSM5652282_CD8-Z000000TR	T-CD8	/users/ludwig/uii408/sharedscratch/tapestry/data/pats/GSM5652282_Blood-T-CD8-Z000000TR.hg38.pat.gz
GSM5652283_CD8-Z000000U5	T-CD8	/users/ludwig/uii408/sharedscratch/tapestry/data/pats/GSM5652283_Blood-T-CD8-Z000000U5.hg38.pat.gz
GSM5652284_CD8-Z000000UK	T-CD8	/users/ludwig/uii408/sharedscratch/tapestry/data/pats/GSM5652284_Blood-T-CD8-Z000000UK.hg38.pat.gz
GSM5652288_Eff-CD8-Z00000419	T-CD8	/users/ludwig/uii408/sharedscratch/tapestry/data/pats/GSM5652288_Blood-T-Eff-CD8-Z00000419.hg38.pat.gz
GSM5652289_Eff-CD8-Z0000041F	T-CD8	/users/ludwig/uii408/sharedscratch/tapestry/data/pats/GSM5652289_Blood-T-Eff-CD8-Z0000041F.hg38.pat.gz
GSM5652290_Eff-CD8-Z0000041Q	T-CD8	/users/ludwig/uii408/sharedscratch/tapestry/data/pats/GSM5652290_Blood-T-Eff-CD8-Z0000041Q.hg38.pat.gz
GSM5652294_EffMem-CD8-Z0000041A	T-CD8	/users/ludwig/uii408/sharedscratch/tapestry/data/pats/GSM5652294_Blood-T-EffMem-CD8-Z0000041A.hg38.pat.gz
GSM5652295_EffMem-CD8-Z0000041G	T-CD8	/users/ludwig/uii408/sharedscratch/tapestry/data/pats/GSM5652295_Blood-T-EffMem-CD8-Z0000041G.hg38.pat.gz
GSM5652299_NK-Z000000TM	NK	/users/ludwig/uii408/sharedscratch/tapestry/data/pats/GSM5652299_Blood-NK-Z000000TM.hg38.pat.gz
GSM5652300_NK-Z000000U1	NK	/users/ludwig/uii408/sharedscratch/tapestry/data/pats/GSM5652300_Blood-NK-Z000000U1.hg38.pat.gz
GSM5652301_NK-Z000000UF	NK	/users/ludwig/uii408/sharedscratch/tapestry/data/pats/GSM5652301_Blood-NK-Z000000UF.hg38.pat.gz
GSM5652302_Monocytes-Z000000TP	Monocytes	/users/ludwig/uii408/sharedscratch/tapestry/data/pats/GSM5652302_Blood-Monocytes-Z000000TP.hg38.pat.gz
GSM5652303_Monocytes-Z000000U3	Monocytes	/users/ludwig/uii408/sharedscratch/tapestry/data/pats/GSM5652303_Blood-Monocytes-Z000000U3.hg38.pat.gz
GSM5652304_Monocytes-Z000000UH	Monocytes	/users/ludwig/uii408/sharedscratch/tapestry/data/pats/GSM5652304_Blood-Monocytes-Z000000UH.hg38.pat.gz
GSM5652313_Granulocytes-Z000000TZ	Granulocytes	/users/ludwig/uii408/sharedscratch/tapestry/data/pats/GSM5652313_Blood-Granulocytes-Z000000TZ.hg38.pat.gz
GSM5652314_Granulocytes-Z000000UD	Granulocytes	/users/ludwig/uii408/sharedscratch/tapestry/data/pats/GSM5652314_Blood-Granulocytes-Z000000UD.hg38.pat.gz
GSM5652315_Granulocytes-Z000000UT	Granulocytes	/users/ludwig/uii408/sharedscratch/tapestry/data/pats/GSM5652315_Blood-Granulocytes-Z000000UT.hg38.pat.gz
GSM5652316_Blood-B-Z000000TX	B	/users/ludwig/uii408/sharedscratch/tapestry/data/pats/B-cells_GSM5652316_Blood-B-Z000000TX.hg38.pat.gz
GSM5652317_Blood-B-Z000000UB	B	/users/ludwig/uii408/sharedscratch/tapestry/data/pats/B-cells_GSM5652317_Blood-B-Z000000UB.hg38.pat.gz
GSM5652318_Blood-B-Z000000UR	B	/users/ludwig/uii408/sharedscratch/tapestry/data/pats/B-cells_GSM5652318_Blood-B-Z000000UR.hg38.pat.gz
GSM5652319_Blood-B-Mem-Z0000041J	B	/users/ludwig/uii408/sharedscratch/tapestry/data/pats/GSM5652319_Blood-B-Mem-Z0000041J.hg38.pat.gz
GSM5652320_Blood-B-Mem-Z0000041K	B	/users/ludwig/uii408/sharedscratch/tapestry/data/pats/GSM5652320_Blood-B-Mem-Z0000041K.hg38.pat.gz
GSM5652359_Gastric-fundus-Epithelial	Gastric	/users/ludwig/uii408/sharedscratch/tapestry/data/pats/GSM5652359_Gastric-fundus-Epithelial-Z000000RX.hg38.pat.gz
GSM5652360_Gastric-fundus-Epithelial	Gastric	/users/ludwig/uii408/sharedscratch/tapestry/data/pats/GSM5652360_Gastric-fundus-Epithelial-Z000000SK.hg38.pat.gz
GSM5652361_Gastric-fundus-Epithelial	Gastric	/users/ludwig/uii408/sharedscratch/tapestry/data/pats/GSM5652361_Gastric-fundus-Epithelial-Z000000SV.hg38.pat.gz
GSM5652362_Gastric-body-Epithelial	Gastric	/users/ludwig/uii408/sharedscratch/tapestry/data/pats/GSM5652362_Gastric-body-Epithelial-Z000000SD.hg38.pat.gz
GSM5652363_Gastric-body-Epithelial	Gastric	/users/ludwig/uii408/sharedscratch/tapestry/data/pats/GSM5652363_Gastric-body-Epithelial-Z000000SM.hg38.pat.gz
GSM5652364_Gastric-body-Epithelial	Gastric	/users/ludwig/uii408/sharedscratch/tapestry/data/pats/GSM5652364_Gastric-body-Epithelial-Z000000ST.hg38.pat.gz
GSM5652365_Gastric-antrum-Epithelial	Gastric	/users/ludwig/uii408/sharedscratch/tapestry/data/pats/GSM5652365_Gastric-antrum-Epithelial-Z000000SF.hg38.pat.gz
GSM5652366_Gastric-antrum-Epithelial	Gastric	/users/ludwig/uii408/sharedscratch/tapestry/data/pats/GSM5652366_Gastric-antrum-Epithelial-Z000000SP.hg38.pat.gz
GSM5652367_Gastric-antrum-Epithelial	Gastric	/users/ludwig/uii408/sharedscratch/tapestry/data/pats/GSM5652367_Gastric-antrum-Epithelial-Z000000SR.hg38.pat.gz
GSM5652368_Gastric-antrum-Endocrine	Gastric	/users/ludwig/uii408/sharedscratch/tapestry/data/pats/GSM5652368_Gastric-antrum-Endocrine-Z00000437.hg38.pat.gz
GSM5652369_Gastric-antrum-Endocrine	Gastric	/users/ludwig/uii408/sharedscratch/tapestry/data/pats/GSM5652369_Gastric-antrum-Endocrine-Z00000438.hg38.pat.gz
GSM5652370_Colon-Right-Epithelial	Colon	/users/ludwig/uii408/sharedscratch/tapestry/data/pats/GSM5652370_Colon-Right-Epithelial-Z000000V0.hg38.pat.gz
GSM5652371_Colon-Right-Epithelial	Colon	/users/ludwig/uii408/sharedscratch/tapestry/data/pats/GSM5652371_Colon-Right-Epithelial-Z000000V8.hg38.pat.gz
GSM5652372_Colon-Right-Endocrine	Colon	/users/ludwig/uii408/sharedscratch/tapestry/data/pats/GSM5652372_Colon-Right-Endocrine-Z0000044S.hg38.pat.gz
GSM5652373_Colon-Left-Epithelial	Colon	/users/ludwig/uii408/sharedscratch/tapestry/data/pats/GSM5652373_Colon-Left-Epithelial-Z000000VA.hg38.pat.gz
GSM5652374_Colon-Left-Endocrine	Colon	/users/ludwig/uii408/sharedscratch/tapestry/data/pats/GSM5652374_Colon-Left-Endocrine-Z0000044J.hg38.pat.gz
GSM5652375_Colon-Left-Endocrine	Colon	/users/ludwig/uii408/sharedscratch/tapestry/data/pats/GSM5652375_Colon-Left-Endocrine-Z0000044T.hg38.pat.gz
GSM5652376_Colon-Left-Epithelial	Colon	/users/ludwig/uii408/sharedscratch/tapestry/data/pats/GSM5652376_Colon-Left-Epithelial-Z0000043B.hg38.pat.gz
GSM5652377_Colon-Left-Epithelial	Colon	/users/ludwig/uii408/sharedscratch/tapestry/data/pats/GSM5652377_Colon-Left-Epithelial-Z0000043C.hg38.pat.gz
GSM5652378_Small-int-Epithelial	Small_int	/users/ludwig/uii408/sharedscratch/tapestry/data/pats/GSM5652378_Small-int-Epithelial-Z0000042V.hg38.pat.gz
GSM5652379_Small-int-Epithelial	Small_int	/users/ludwig/uii408/sharedscratch/tapestry/data/pats/GSM5652379_Small-int-Epithelial-Z000000RT.hg38.pat.gz
GSM5652380_Small-int-Epithelial	Small_int	/users/ludwig/uii408/sharedscratch/tapestry/data/pats/GSM5652380_Small-int-Epithelial-Z000000UW.hg38.pat.gz
GSM5652381_Small-int-Epithelial	Small_int	/users/ludwig/uii408/sharedscratch/tapestry/data/pats/GSM5652381_Small-int-Epithelial-Z000000UY.hg38.pat.gz
GSM5652382_Small-int-Endocrine	Small_int	/users/ludwig/uii408/sharedscratch/tapestry/data/pats/GSM5652382_Small-int-Endocrine-Z00000436.hg38.pat.gz
GSM5652332_Esophagus-Z000000PZ	Esophagus	/users/ludwig/uii408/sharedscratch/tapestry/data/pats/GSM5652332_Esophagus-Epithelial-Z000000PZ.hg38.pat.gz
GSM5652333_Esophagus-Z00000426	Esophagus	/users/ludwig/uii408/sharedscratch/tapestry/data/pats/GSM5652333_Esophagus-Epithelial-Z00000426.hg38.pat.gz
OAC_071-021	OAC	/users/ludwig/uii408/sharedscratch/tapestry/data/pats/OAC_071-021_ScrBsl_tumour.pat.gz
OAC_129-001	OAC	/users/ludwig/uii408/sharedscratch/tapestry/data/pats/OAC_129-001_ScrBsl_tumour.pat.gz
OAC_071-011	OAC	/users/ludwig/uii408/sharedscratch/tapestry/data/pats/OAC_071-011_ScrBsl_tumour.pat.gz
OAC_069-009	OAC	/users/ludwig/uii408/sharedscratch/tapestry/data/pats/OAC_069-009_ScrBsl_tumour.pat.gz
OAC_071-022	OAC	/users/ludwig/uii408/sharedscratch/tapestry/data/pats/OAC_071-022_ScrBsl_tumour.pat.gz
OAC_071-043	OAC	/users/ludwig/uii408/sharedscratch/tapestry/data/pats/OAC_071-043_ScrBsl_tumour.pat.gz
